dataset,position,boot_freq,tier,in_PC,in_GES,in_FCI,n_methods,block_size,block_members
H1N1,151,1.0,high,True,True,,2,1,151
H1N1,135,0.825,moderate,True,True,,2,1,135
H1N1,53,0.795,moderate,True,True,,2,5,53;81;90;140;281
H1N1,199,0.52,moderate,True,True,,2,1,199
H1N1,232,0.38,low/unstable,True,True,,2,1,232
H1N1,131,0.08,low/unstable,False,True,,1,3,131;215;287
H1N1,57,0.045,low/unstable,False,False,,0,1,57
H1N1,196,0.025,low/unstable,False,False,,0,1,196
H1N1,204,0.01,low/unstable,False,False,,0,1,204
H1N1,225,0.01,low/unstable,False,False,,0,1,225
H1N1,156,0.005,low/unstable,False,False,,0,1,156
H1N1,283,0.005,low/unstable,False,True,,1,1,283
H1N1,4,0.0,low/unstable,False,True,,1,4,4;5;6;9
H1N1,163,0.0,low/unstable,False,True,,1,6,79;143;163;193;201;320
H1N1,167,0.0,low/unstable,False,True,,1,6,67;84;95;149;167;217
H3N2,11,1.0,high,True,False,,1,9,11;64;153;156;173;254;258;270;317
H3N2,143,1.0,high,True,True,,2,1,143
H3N2,167,1.0,high,True,True,,2,1,167
H3N2,168,1.0,high,True,True,,2,1,168
H3N2,199,1.0,high,True,False,,1,1,199
H3N2,203,0.995,high,True,False,,1,1,203
H3N2,288,0.815,moderate,True,False,,1,1,288
H3N2,200,0.65,moderate,True,False,,1,1,200
H3N2,88,0.46,low/unstable,True,False,,1,1,88
H3N2,154,0.255,low/unstable,False,False,,0,1,154
H3N2,166,0.2,low/unstable,False,False,,0,1,166
H3N2,155,0.18,low/unstable,False,False,,0,1,155
H3N2,217,0.025,low/unstable,False,False,,0,1,217
H3N2,165,0.005,low/unstable,False,False,,0,1,165
H3N2,93,0.0,low/unstable,False,True,,1,1,93
H3N2,182,0.0,low/unstable,False,True,,1,1,182
H3N2,207,0.0,low/unstable,False,True,,1,1,207
H3N2,286,0.0,low/unstable,False,True,,1,1,286
vhid_HA1,156,1.0,high,True,False,True,2,1,156
vhid_HA1,189,1.0,high,True,False,True,2,1,189
vhid_HA1,289,0.955,high,True,False,True,2,1,289
vhid_HA1,158,0.95,high,True,False,True,2,1,158
vhid_HA1,144,0.505,moderate,True,True,False,2,1,144
vhid_HA1,278,0.4,low/unstable,False,False,False,0,2,197;278
vhid_HA1,262,0.315,low/unstable,False,True,True,2,1,262
vhid_HA1,145,0.205,low/unstable,False,True,True,2,1,145
vhid_HA1,133,0.15,low/unstable,False,True,False,1,1,133
vhid_HA1,106,0.06,low/unstable,False,False,False,0,1,106
vhid_HA1,79,0.05,low/unstable,False,False,False,0,1,79
vhid_HA1,44,0.035,low/unstable,False,False,False,0,1,44
vhid_HA1,276,0.01,low/unstable,False,True,False,1,3,157;190;276
vhid_HA1,124,0.005,low/unstable,False,False,False,0,1,124
vhid_HA1,50,0.0,low/unstable,False,True,False,1,1,50
