dataset,position,n_families,families,causal_freq,block_size
H1N1,151,4,causal;KAN;XGB;univ,1.0,1
H1N1,135,3,causal;XGB;univ,0.825,1
H1N1,53,3,causal;XGB;univ,0.795,5
H1N1,199,2,causal;XGB,0.52,1
H1N1,204,2,XGB;univ,0.01,1
H1N1,138,2,KAN;XGB,0.0,1
H1N1,140,2,XGB;univ,0.0,1
H1N1,145,2,KAN;univ,0.0,1
H1N1,46,2,XGB;univ,0.0,1
H1N1,200,2,XGB;univ,0.0,1
H1N1,203,2,KAN;univ,0.0,2
H1N1,90,2,XGB;univ,0.0,1
H3N2,143,4,causal;KAN;XGB;univ,1.0,1
H3N2,168,4,causal;KAN;XGB;univ,1.0,1
H3N2,199,4,causal;KAN;XGB;univ,1.0,1
H3N2,11,3,causal;XGB;univ,1.0,9
H3N2,167,3,causal;KAN;XGB,1.0,1
H3N2,288,3,causal;XGB;univ,0.815,1
H3N2,169,3,KAN;XGB;univ,0.0,1
H3N2,203,2,causal;KAN,0.995,1
H3N2,200,2,causal;XGB,0.65,1
H3N2,154,2,XGB;univ,0.255,1
H3N2,272,2,KAN;univ,0.0,1
H3N2,153,2,XGB;univ,0.0,1
H3N2,156,2,XGB;univ,0.0,1
H3N2,72,2,XGB;univ,0.0,1
H3N2,235,2,KAN;XGB,0.0,1
vhid_HA1,156,4,causal;KAN;XGB;univ,1.0,1
vhid_HA1,189,4,causal;KAN;XGB;univ,1.0,1
vhid_HA1,158,3,causal;KAN;univ,0.95,1
vhid_HA1,262,3,KAN;XGB;univ,0.315,1
vhid_HA1,133,3,KAN;XGB;univ,0.15,1
vhid_HA1,276,3,KAN;XGB;univ,0.01,3
vhid_HA1,157,3,KAN;XGB;univ,0.0,1
vhid_HA1,144,2,causal;XGB,0.505,1
vhid_HA1,278,2,XGB;univ,0.4,2
vhid_HA1,135,2,KAN;XGB,0.0,1
vhid_HA1,155,2,KAN;XGB,0.0,1
vhid_HA1,159,2,KAN;XGB,0.0,1
vhid_HA1,190,2,KAN;univ,0.0,1
