dataset,position,boot_freq,tier,adj_effect,ci_lo,ci_hi,marginal_effect,block_size,n_adjust,sig
vhid_HA1,144,0.505,moderate,-0.0113,-0.0129,-0.0096,-0.0194,1,4,True
vhid_HA1,156,1.0,high,-0.0134,-0.017,-0.0098,-0.0633,1,4,True
vhid_HA1,158,0.95,high,-0.0166,-0.0189,-0.0142,-0.0385,1,4,True
vhid_HA1,189,1.0,high,-0.034,-0.0358,-0.032,-0.042,1,4,True
vhid_HA1,289,0.955,high,0.0239,0.0166,0.0311,0.0424,1,4,True
H3N2,11,1.0,high,-0.0091,-0.0113,-0.0068,-0.0276,9,7,True
H3N2,143,1.0,high,-0.0112,-0.0149,-0.0074,-0.043,1,7,True
H3N2,167,1.0,high,-0.0021,-0.003,-0.001,-0.0143,1,7,True
H3N2,168,1.0,high,-0.0068,-0.0087,-0.0049,-0.0279,1,7,True
H3N2,199,1.0,high,-0.0142,-0.0158,-0.0127,-0.0287,1,7,True
H3N2,200,0.65,moderate,-0.0062,-0.0076,-0.0049,-0.0207,1,7,True
H3N2,203,0.995,high,-0.0022,-0.0029,-0.0015,-0.006,1,7,True
H3N2,288,0.815,moderate,-0.0096,-0.0109,-0.0083,-0.0234,1,7,True
H1N1,53,0.795,moderate,-0.014,-0.0173,-0.0103,-0.015,5,3,True
H1N1,135,0.825,moderate,-0.0083,-0.0117,-0.0046,-0.0197,1,3,True
H1N1,151,1.0,high,-0.0272,-0.0324,-0.0226,-0.0311,1,3,True
H1N1,199,0.52,moderate,-0.01,-0.0121,-0.0078,-0.0122,1,3,True
