dataset,position_aln,position_mature,sel_binary,sel_grantham,sel_L2property,n_encodings,fragile,robust
VHID_H3N2,124,124,0,1,0.0,1,1,0
VHID_H3N2,133,133,0,0,1.0,1,1,0
VHID_H3N2,144,144,1,1,1.0,3,0,1
VHID_H3N2,156,156,1,1,1.0,3,0,1
VHID_H3N2,158,158,1,0,0.0,1,1,0
VHID_H3N2,189,189,1,1,1.0,3,0,1
VHID_H3N2,276,276,0,0,1.0,1,1,0
VHID_H3N2,278,278,0,1,1.0,2,1,0
VHID_H3N2,289,289,1,1,1.0,3,0,1
Bedford_H3N2,11,11,1,0,,1,1,0
Bedford_H3N2,88,78,1,0,,1,1,0
Bedford_H3N2,143,133,1,0,,1,1,0
Bedford_H3N2,145,135,0,1,,1,1,0
Bedford_H3N2,154,144,0,1,,1,1,0
Bedford_H3N2,155,145,0,1,,1,1,0
Bedford_H3N2,165,155,0,1,,1,1,0
Bedford_H3N2,167,157,1,0,,1,1,0
Bedford_H3N2,168,158,1,1,,2,0,1
Bedford_H3N2,199,189,1,1,,2,0,1
Bedford_H3N2,200,190,1,1,,2,0,1
Bedford_H3N2,203,193,1,0,,1,1,0
Bedford_H3N2,288,278,1,1,,2,0,1
