dataset,position_mature,in_main_parents,n_pairs_varying,median_attr_perpair_xgb,median_attr_perpair_linear,band_xgb_median,band_xgb_iqr,band_xgb_lo,band_xgb_hi,band_linear_median,band_linear_iqr,sign_consistency_xgb,n_ensemble_fits,n_variants,block_size,linkage_block,block_partner_parents,sign_stable,band_excludes_zero,stable,nonident_reason
H3N2,197,False,0,,,0.92626,0.71024,0.49903,1.44479,0.82937,0.37921,1.0,60,2,1,197,,True,True,True,stable
H3N2,11,True,898,0.97513,0.91747,0.7545,0.35822,0.4372,1.11255,0.80202,0.24402,1.0,90,3,9,"11,54,143,146,163,244,248,260,307",,True,True,True,linkage_block_representative(credit_not_decomposable)
H3N2,158,True,1722,0.85573,0.6421,0.73611,0.52652,0.41256,1.31558,0.80175,0.57777,1.0,120,4,1,158,,True,True,True,stable
H3N2,133,True,1299,0.61079,0.51348,0.73255,0.22794,0.46188,0.92587,0.45253,0.16516,1.0,120,4,1,133,,True,True,True,stable
H3N2,83,False,0,,,0.71965,0.44692,0.43422,1.06241,0.53432,0.46438,1.0,60,2,1,83,,True,True,True,stable
H3N2,189,True,2999,0.76347,0.65419,0.70357,0.20846,0.48049,0.88561,0.6564,0.04893,1.0,90,3,1,189,,True,True,True,stable
H3N2,278,True,1412,0.54557,0.90212,0.54507,0.15561,0.38705,0.69162,0.83244,0.11361,1.0,90,3,1,278,,True,True,True,stable
H3N2,157,True,1160,0.32332,0.29892,0.44947,0.40513,0.2063,0.97108,0.38727,0.46651,1.0,120,4,1,157,,True,True,True,stable
H3N2,190,True,1302,0.36928,0.28085,0.41682,0.34478,0.07179,0.69934,0.29164,0.04711,0.933,90,3,1,190,,True,True,True,stable
H3N2,78,False,0,,,0.33248,0.18447,0.20536,0.48152,0.47624,0.11924,1.0,60,2,1,78,,True,True,True,stable
H3N2,193,True,3242,0.28259,0.24146,0.28287,0.12701,0.1756,0.40667,0.26506,0.06472,1.0,90,3,1,193,,True,True,True,stable
H3N2,172,False,0,,,-0.27914,0.43228,-0.79085,-0.029,-0.8152,0.24151,0.933,60,2,1,172,,True,True,True,stable
H3N2,276,False,0,,,-0.18578,0.53614,-0.77346,0.11871,-0.13288,0.41015,0.633,60,2,1,276,,False,False,False,equivalence_class_credit_swap
vhid_HA1,189,True,1193,2.78547,3.73962,2.70944,0.75258,1.88522,3.01323,3.67544,0.44577,1.0,90,3,1,189,,True,True,True,stable
vhid_HA1,276,False,0,,,1.59537,0.51682,1.13385,1.86278,0.7291,0.69434,1.0,60,2,3,"157,190,276",,True,True,True,linkage_block_representative(credit_not_decomposable)
vhid_HA1,289,True,34,-1.67321,-1.76741,-1.58194,0.43714,-2.07384,-0.972,-1.62615,0.37805,1.0,90,3,1,289,,True,True,True,stable
vhid_HA1,145,False,0,,,1.39248,0.55762,1.00155,1.7479,1.09339,0.19041,1.0,60,2,1,145,,True,True,True,stable
vhid_HA1,133,False,0,,,0.64871,0.86211,0.1529,1.41731,1.28771,2.75412,0.95,60,2,1,133,,True,True,True,stable
vhid_HA1,262,False,0,,,0.59082,0.79511,-0.17288,1.22176,0.63785,0.41038,0.833,60,2,1,262,,False,False,False,equivalence_class_credit_swap
vhid_HA1,158,True,1053,0.46352,0.74735,0.48791,0.17846,0.32337,0.66202,0.70937,0.11736,1.0,90,3,1,158,,True,True,True,stable
vhid_HA1,144,True,608,0.44077,1.50388,0.47146,0.68854,0.20989,1.27339,1.55305,0.31663,0.992,120,4,1,144,,True,True,True,stable
vhid_HA1,50,False,0,,,0.19623,0.89849,0.0075,1.28986,0.1567,0.07009,0.9,60,2,1,50,,True,True,True,stable
vhid_HA1,156,True,1060,0.50789,0.74935,0.07163,0.51823,-0.3237,0.55222,0.75032,0.13953,0.578,90,3,1,156,,False,False,False,equivalence_class_credit_swap
